<annotation>
  <folder>Ladder_truck201_400</folder>
  <filename>LadderTruck (278).jpg</filename>
  <source>
    <database>Unknown</database>
    <annotation>custom</annotation>
    <image>custom</image>
  </source>
  <size>
    <width>194</width>
    <height>259</height>
    <depth>3</depth>
  </size>
  <segmented>0</segmented>
  <object>
    <name>truck</name>
    <pose>Unspecified</pose>
    <truncated>0</truncated>
    <difficult>0</difficult>
    <bndbox>
      <xmin>2</xmin>
      <ymin>123</ymin>
      <xmax>98</xmax>
      <ymax>218</ymax>
    </bndbox>
  </object>
  <object>
    <name>ladder</name>
    <pose>Unspecified</pose>
    <truncated>0</truncated>
    <difficult>0</difficult>
    <bndbox>
      <xmin>38</xmin>
      <ymin>2</ymin>
      <xmax>92</xmax>
      <ymax>115</ymax>
    </bndbox>
  </object>
  <object>
    <name>ladder</name>
    <pose>Unspecified</pose>
    <truncated>1</truncated>
    <difficult>0</difficult>
    <bndbox>
      <xmin>139</xmin>
      <ymin>125</ymin>
      <xmax>194</xmax>
      <ymax>209</ymax>
    </bndbox>
  </object>
</annotation>
