<annotation>
  <folder>Ladder_truck201_400</folder>
  <filename>LadderTruck (325).jpg</filename>
  <source>
    <database>Unknown</database>
    <annotation>custom</annotation>
    <image>custom</image>
  </source>
  <size>
    <width>273</width>
    <height>185</height>
    <depth>3</depth>
  </size>
  <segmented>0</segmented>
  <object>
    <name>ladder</name>
    <pose>Unspecified</pose>
    <truncated>0</truncated>
    <difficult>0</difficult>
    <bndbox>
      <xmin>89</xmin>
      <ymin>38</ymin>
      <xmax>232</xmax>
      <ymax>154</ymax>
    </bndbox>
  </object>
  <object>
    <name>truck</name>
    <pose>Unspecified</pose>
    <truncated>0</truncated>
    <difficult>0</difficult>
    <bndbox>
      <xmin>167</xmin>
      <ymin>130</ymin>
      <xmax>235</xmax>
      <ymax>177</ymax>
    </bndbox>
  </object>
</annotation>
