<annotation>
  <folder>Ladder_truck201_400</folder>
  <filename>LadderTruck (316).jpg</filename>
  <source>
    <database>Unknown</database>
    <annotation>custom</annotation>
    <image>custom</image>
  </source>
  <size>
    <width>257</width>
    <height>196</height>
    <depth>3</depth>
  </size>
  <segmented>0</segmented>
  <object>
    <name>truck</name>
    <pose>Unspecified</pose>
    <truncated>0</truncated>
    <difficult>0</difficult>
    <bndbox>
      <xmin>7</xmin>
      <ymin>112</ymin>
      <xmax>141</xmax>
      <ymax>171</ymax>
    </bndbox>
  </object>
  <object>
    <name>ladder</name>
    <pose>Unspecified</pose>
    <truncated>0</truncated>
    <difficult>0</difficult>
    <bndbox>
      <xmin>52</xmin>
      <ymin>53</ymin>
      <xmax>184</xmax>
      <ymax>163</ymax>
    </bndbox>
  </object>
</annotation>
