<annotation>
  <folder>Ladder_truck201_400</folder>
  <filename>LadderTruck (305).jpg</filename>
  <source>
    <database>Unknown</database>
    <annotation>custom</annotation>
    <image>custom</image>
  </source>
  <size>
    <width>307</width>
    <height>164</height>
    <depth>3</depth>
  </size>
  <segmented>0</segmented>
  <object>
    <name>ladder</name>
    <pose>Unspecified</pose>
    <truncated>0</truncated>
    <difficult>0</difficult>
    <bndbox>
      <xmin>175</xmin>
      <ymin>3</ymin>
      <xmax>300</xmax>
      <ymax>70</ymax>
    </bndbox>
  </object>
  <object>
    <name>truck</name>
    <pose>Unspecified</pose>
    <truncated>0</truncated>
    <difficult>0</difficult>
    <bndbox>
      <xmin>202</xmin>
      <ymin>43</ymin>
      <xmax>306</xmax>
      <ymax>100</ymax>
    </bndbox>
  </object>
</annotation>
