<annotation>
  <folder>Ladder_truck201_400</folder>
  <filename>LadderTruck (212).jpg</filename>
  <source>
    <database>Unknown</database>
    <annotation>custom</annotation>
    <image>custom</image>
  </source>
  <size>
    <width>323</width>
    <height>156</height>
    <depth>3</depth>
  </size>
  <segmented>0</segmented>
  <object>
    <name>ladder</name>
    <pose>Unspecified</pose>
    <truncated>0</truncated>
    <difficult>0</difficult>
    <bndbox>
      <xmin>184</xmin>
      <ymin>34</ymin>
      <xmax>301</xmax>
      <ymax>94</ymax>
    </bndbox>
  </object>
  <object>
    <name>truck</name>
    <pose>Unspecified</pose>
    <truncated>0</truncated>
    <difficult>0</difficult>
    <bndbox>
      <xmin>181</xmin>
      <ymin>63</ymin>
      <xmax>310</xmax>
      <ymax>139</ymax>
    </bndbox>
  </object>
</annotation>
