<annotation>
  <folder>Ladder_truck201_400</folder>
  <filename>LadderTruck (219).jpg</filename>
  <source>
    <database>Unknown</database>
    <annotation>custom</annotation>
    <image>custom</image>
  </source>
  <size>
    <width>196</width>
    <height>257</height>
    <depth>3</depth>
  </size>
  <segmented>0</segmented>
  <object>
    <name>ladder</name>
    <pose>Unspecified</pose>
    <truncated>0</truncated>
    <difficult>0</difficult>
    <bndbox>
      <xmin>63</xmin>
      <ymin>32</ymin>
      <xmax>112</xmax>
      <ymax>223</ymax>
    </bndbox>
  </object>
  <object>
    <name>truck</name>
    <pose>Unspecified</pose>
    <truncated>0</truncated>
    <difficult>0</difficult>
    <bndbox>
      <xmin>79</xmin>
      <ymin>202</ymin>
      <xmax>119</xmax>
      <ymax>240</ymax>
    </bndbox>
  </object>
</annotation>
