<annotation>
  <folder>Ladder_truck201_400</folder>
  <filename>LadderTruck (388).jpg</filename>
  <source>
    <database>Unknown</database>
    <annotation>custom</annotation>
    <image>custom</image>
  </source>
  <size>
    <width>209</width>
    <height>241</height>
    <depth>3</depth>
  </size>
  <segmented>0</segmented>
  <object>
    <name>ladder</name>
    <pose>Unspecified</pose>
    <truncated>0</truncated>
    <difficult>0</difficult>
    <bndbox>
      <xmin>75</xmin>
      <ymin>68</ymin>
      <xmax>145</xmax>
      <ymax>188</ymax>
    </bndbox>
  </object>
  <object>
    <name>truck</name>
    <pose>Unspecified</pose>
    <truncated>0</truncated>
    <difficult>0</difficult>
    <bndbox>
      <xmin>110</xmin>
      <ymin>181</ymin>
      <xmax>168</xmax>
      <ymax>212</ymax>
    </bndbox>
  </object>
</annotation>
