<annotation>
  <folder>Ladder_truck201_400</folder>
  <filename>LadderTruck (291).jpg</filename>
  <source>
    <database>Unknown</database>
    <annotation>custom</annotation>
    <image>custom</image>
  </source>
  <size>
    <width>261</width>
    <height>193</height>
    <depth>3</depth>
  </size>
  <segmented>0</segmented>
  <object>
    <name>ladder</name>
    <pose>Unspecified</pose>
    <truncated>0</truncated>
    <difficult>0</difficult>
    <bndbox>
      <xmin>19</xmin>
      <ymin>6</ymin>
      <xmax>224</xmax>
      <ymax>96</ymax>
    </bndbox>
  </object>
  <object>
    <name>truck</name>
    <pose>Unspecified</pose>
    <truncated>0</truncated>
    <difficult>0</difficult>
    <bndbox>
      <xmin>66</xmin>
      <ymin>66</ymin>
      <xmax>247</xmax>
      <ymax>170</ymax>
    </bndbox>
  </object>
</annotation>
