<annotation>
  <folder>Ladder_truck201_400</folder>
  <filename>LadderTruck (329).jpg</filename>
  <source>
    <database>Unknown</database>
    <annotation>custom</annotation>
    <image>custom</image>
  </source>
  <size>
    <width>315</width>
    <height>160</height>
    <depth>3</depth>
  </size>
  <segmented>0</segmented>
  <object>
    <name>ladder</name>
    <pose>Unspecified</pose>
    <truncated>0</truncated>
    <difficult>0</difficult>
    <bndbox>
      <xmin>40</xmin>
      <ymin>8</ymin>
      <xmax>242</xmax>
      <ymax>129</ymax>
    </bndbox>
  </object>
  <object>
    <name>truck</name>
    <pose>Unspecified</pose>
    <truncated>1</truncated>
    <difficult>0</difficult>
    <bndbox>
      <xmin>124</xmin>
      <ymin>87</ymin>
      <xmax>310</xmax>
      <ymax>160</ymax>
    </bndbox>
  </object>
</annotation>
