<annotation>
  <folder>Ladder_truck201_400</folder>
  <filename>LadderTruck (232).jpg</filename>
  <source>
    <database>Unknown</database>
    <annotation>custom</annotation>
    <image>custom</image>
  </source>
  <size>
    <width>358</width>
    <height>141</height>
    <depth>3</depth>
  </size>
  <segmented>0</segmented>
  <object>
    <name>ladder</name>
    <pose>Unspecified</pose>
    <truncated>0</truncated>
    <difficult>0</difficult>
    <bndbox>
      <xmin>149</xmin>
      <ymin>12</ymin>
      <xmax>231</xmax>
      <ymax>139</ymax>
    </bndbox>
  </object>
  <object>
    <name>truck</name>
    <pose>Unspecified</pose>
    <truncated>0</truncated>
    <difficult>0</difficult>
    <bndbox>
      <xmin>140</xmin>
      <ymin>82</ymin>
      <xmax>231</xmax>
      <ymax>137</ymax>
    </bndbox>
  </object>
</annotation>
