<annotation>
  <folder>Ladder_truck201_400</folder>
  <filename>LadderTruck (261).jpg</filename>
  <source>
    <database>Unknown</database>
    <annotation>custom</annotation>
    <image>custom</image>
  </source>
  <size>
    <width>194</width>
    <height>259</height>
    <depth>3</depth>
  </size>
  <segmented>0</segmented>
  <object>
    <name>truck</name>
    <pose>Unspecified</pose>
    <truncated>0</truncated>
    <difficult>0</difficult>
    <bndbox>
      <xmin>84</xmin>
      <ymin>185</ymin>
      <xmax>149</xmax>
      <ymax>238</ymax>
    </bndbox>
  </object>
  <object>
    <name>ladder</name>
    <pose>Unspecified</pose>
    <truncated>0</truncated>
    <difficult>0</difficult>
    <bndbox>
      <xmin>81</xmin>
      <ymin>11</ymin>
      <xmax>142</xmax>
      <ymax>216</ymax>
    </bndbox>
  </object>
</annotation>
