<annotation>
  <folder>Ladder_truck201_400</folder>
  <filename>LadderTruck (313).jpg</filename>
  <source>
    <database>Unknown</database>
    <annotation>custom</annotation>
    <image>custom</image>
  </source>
  <size>
    <width>194</width>
    <height>259</height>
    <depth>3</depth>
  </size>
  <segmented>0</segmented>
  <object>
    <name>truck</name>
    <pose>Unspecified</pose>
    <truncated>0</truncated>
    <difficult>0</difficult>
    <bndbox>
      <xmin>6</xmin>
      <ymin>123</ymin>
      <xmax>191</xmax>
      <ymax>206</ymax>
    </bndbox>
  </object>
  <object>
    <name>ladder</name>
    <pose>Unspecified</pose>
    <truncated>1</truncated>
    <difficult>0</difficult>
    <bndbox>
      <xmin>14</xmin>
      <ymin>55</ymin>
      <xmax>194</xmax>
      <ymax>157</ymax>
    </bndbox>
  </object>
</annotation>
