<annotation>
  <folder>Ladder_truck201_400</folder>
  <filename>LadderTruck (208).jpg</filename>
  <source>
    <database>Unknown</database>
    <annotation>custom</annotation>
    <image>custom</image>
  </source>
  <size>
    <width>275</width>
    <height>183</height>
    <depth>3</depth>
  </size>
  <segmented>0</segmented>
  <object>
    <name>ladder</name>
    <pose>Unspecified</pose>
    <truncated>1</truncated>
    <difficult>0</difficult>
    <bndbox>
      <xmin>29</xmin>
      <ymin>82</ymin>
      <xmax>91</xmax>
      <ymax>183</ymax>
    </bndbox>
  </object>
</annotation>
