<annotation>
  <folder>Ladder_truck201_400</folder>
  <filename>LadderTruck (300).jpg</filename>
  <source>
    <database>Unknown</database>
    <annotation>custom</annotation>
    <image>custom</image>
  </source>
  <size>
    <width>259</width>
    <height>194</height>
    <depth>3</depth>
  </size>
  <segmented>0</segmented>
  <object>
    <name>truck</name>
    <pose>Unspecified</pose>
    <truncated>0</truncated>
    <difficult>0</difficult>
    <bndbox>
      <xmin>82</xmin>
      <ymin>95</ymin>
      <xmax>179</xmax>
      <ymax>168</ymax>
    </bndbox>
  </object>
  <object>
    <name>ladder</name>
    <pose>Unspecified</pose>
    <truncated>0</truncated>
    <difficult>0</difficult>
    <bndbox>
      <xmin>87</xmin>
      <ymin>24</ymin>
      <xmax>175</xmax>
      <ymax>120</ymax>
    </bndbox>
  </object>
</annotation>
