<annotation>
  <folder>Ladder_truck201_400</folder>
  <filename>LadderTruck (297).jpg</filename>
  <source>
    <database>Unknown</database>
    <annotation>custom</annotation>
    <image>custom</image>
  </source>
  <size>
    <width>156</width>
    <height>322</height>
    <depth>3</depth>
  </size>
  <segmented>0</segmented>
  <object>
    <name>ladder</name>
    <pose>Unspecified</pose>
    <truncated>1</truncated>
    <difficult>0</difficult>
    <bndbox>
      <xmin>73</xmin>
      <ymin>23</ymin>
      <xmax>144</xmax>
      <ymax>322</ymax>
    </bndbox>
  </object>
</annotation>
