<annotation>
  <folder>Ladder_truck201_400</folder>
  <filename>LadderTruck (382).jpg</filename>
  <source>
    <database>Unknown</database>
    <annotation>custom</annotation>
    <image>custom</image>
  </source>
  <size>
    <width>207</width>
    <height>244</height>
    <depth>3</depth>
  </size>
  <segmented>0</segmented>
  <object>
    <name>ladder</name>
    <pose>Unspecified</pose>
    <truncated>0</truncated>
    <difficult>0</difficult>
    <bndbox>
      <xmin>95</xmin>
      <ymin>43</ymin>
      <xmax>198</xmax>
      <ymax>156</ymax>
    </bndbox>
  </object>
  <object>
    <name>truck</name>
    <pose>Unspecified</pose>
    <truncated>1</truncated>
    <difficult>0</difficult>
    <bndbox>
      <xmin>26</xmin>
      <ymin>154</ymin>
      <xmax>207</xmax>
      <ymax>244</ymax>
    </bndbox>
  </object>
</annotation>
