<annotation>
  <folder>Ladder_truck201_400</folder>
  <filename>LadderTruck (283).jpg</filename>
  <source>
    <database>Unknown</database>
    <annotation>custom</annotation>
    <image>custom</image>
  </source>
  <size>
    <width>260</width>
    <height>194</height>
    <depth>3</depth>
  </size>
  <segmented>0</segmented>
  <object>
    <name>truck</name>
    <pose>Unspecified</pose>
    <truncated>0</truncated>
    <difficult>0</difficult>
    <bndbox>
      <xmin>18</xmin>
      <ymin>99</ymin>
      <xmax>64</xmax>
      <ymax>149</ymax>
    </bndbox>
  </object>
  <object>
    <name>ladder</name>
    <pose>Unspecified</pose>
    <truncated>1</truncated>
    <difficult>0</difficult>
    <bndbox>
      <xmin>1</xmin>
      <ymin>35</ymin>
      <xmax>70</xmax>
      <ymax>121</ymax>
    </bndbox>
  </object>
</annotation>
