<annotation>
  <folder>Ladder_truck201_400</folder>
  <filename>LadderTruck (365).jpg</filename>
  <source>
    <database>Unknown</database>
    <annotation>custom</annotation>
    <image>custom</image>
  </source>
  <size>
    <width>194</width>
    <height>259</height>
    <depth>3</depth>
  </size>
  <segmented>0</segmented>
  <object>
    <name>ladder</name>
    <pose>Unspecified</pose>
    <truncated>0</truncated>
    <difficult>0</difficult>
    <bndbox>
      <xmin>27</xmin>
      <ymin>7</ymin>
      <xmax>140</xmax>
      <ymax>235</ymax>
    </bndbox>
  </object>
  <object>
    <name>truck</name>
    <pose>Unspecified</pose>
    <truncated>0</truncated>
    <difficult>0</difficult>
    <bndbox>
      <xmin>24</xmin>
      <ymin>102</ymin>
      <xmax>163</xmax>
      <ymax>233</ymax>
    </bndbox>
  </object>
</annotation>
