<annotation>
  <folder>Ladder_truck201_400</folder>
  <filename>LadderTruck (258).jpg</filename>
  <source>
    <database>Unknown</database>
    <annotation>custom</annotation>
    <image>custom</image>
  </source>
  <size>
    <width>286</width>
    <height>176</height>
    <depth>1</depth>
  </size>
  <segmented>0</segmented>
  <object>
    <name>ladder</name>
    <pose>Unspecified</pose>
    <truncated>0</truncated>
    <difficult>0</difficult>
    <bndbox>
      <xmin>30</xmin>
      <ymin>94</ymin>
      <xmax>161</xmax>
      <ymax>138</ymax>
    </bndbox>
  </object>
</annotation>
