<annotation>
  <folder>Ladder_truck201_400</folder>
  <filename>LadderTruck (227).jpg</filename>
  <source>
    <database>Unknown</database>
    <annotation>custom</annotation>
    <image>custom</image>
  </source>
  <size>
    <width>357</width>
    <height>141</height>
    <depth>3</depth>
  </size>
  <segmented>0</segmented>
  <object>
    <name>ladder</name>
    <pose>Unspecified</pose>
    <truncated>0</truncated>
    <difficult>0</difficult>
    <bndbox>
      <xmin>16</xmin>
      <ymin>7</ymin>
      <xmax>193</xmax>
      <ymax>65</ymax>
    </bndbox>
  </object>
</annotation>
