<annotation>
  <folder>Ladder_truck201_400</folder>
  <filename>LadderTruck (355).jpg</filename>
  <source>
    <database>Unknown</database>
    <annotation>custom</annotation>
    <image>custom</image>
  </source>
  <size>
    <width>225</width>
    <height>225</height>
    <depth>3</depth>
  </size>
  <segmented>0</segmented>
  <object>
    <name>ladder</name>
    <pose>Unspecified</pose>
    <truncated>0</truncated>
    <difficult>0</difficult>
    <bndbox>
      <xmin>80</xmin>
      <ymin>3</ymin>
      <xmax>218</xmax>
      <ymax>221</ymax>
    </bndbox>
  </object>
  <object>
    <name>truck</name>
    <pose>Unspecified</pose>
    <truncated>1</truncated>
    <difficult>0</difficult>
    <bndbox>
      <xmin>60</xmin>
      <ymin>159</ymin>
      <xmax>198</xmax>
      <ymax>225</ymax>
    </bndbox>
  </object>
</annotation>
