<annotation>
  <folder>Ladder_truck201_400</folder>
  <filename>LadderTruck (290).jpg</filename>
  <source>
    <database>Unknown</database>
    <annotation>custom</annotation>
    <image>custom</image>
  </source>
  <size>
    <width>257</width>
    <height>196</height>
    <depth>3</depth>
  </size>
  <segmented>0</segmented>
  <object>
    <name>truck</name>
    <pose>Unspecified</pose>
    <truncated>0</truncated>
    <difficult>0</difficult>
    <bndbox>
      <xmin>90</xmin>
      <ymin>100</ymin>
      <xmax>225</xmax>
      <ymax>172</ymax>
    </bndbox>
  </object>
  <object>
    <name>ladder</name>
    <pose>Unspecified</pose>
    <truncated>0</truncated>
    <difficult>0</difficult>
    <bndbox>
      <xmin>32</xmin>
      <ymin>21</ymin>
      <xmax>213</xmax>
      <ymax>166</ymax>
    </bndbox>
  </object>
</annotation>
