<annotation>
  <folder>Ladder_truck201_400</folder>
  <filename>LadderTruck (285).jpg</filename>
  <source>
    <database>Unknown</database>
    <annotation>custom</annotation>
    <image>custom</image>
  </source>
  <size>
    <width>195</width>
    <height>258</height>
    <depth>3</depth>
  </size>
  <segmented>0</segmented>
  <object>
    <name>ladder</name>
    <pose>Unspecified</pose>
    <truncated>0</truncated>
    <difficult>0</difficult>
    <bndbox>
      <xmin>55</xmin>
      <ymin>21</ymin>
      <xmax>133</xmax>
      <ymax>232</ymax>
    </bndbox>
  </object>
</annotation>
