<annotation>
  <folder>Ladder_truck201_400</folder>
  <filename>LadderTruck (242).jpg</filename>
  <source>
    <database>Unknown</database>
    <annotation>custom</annotation>
    <image>custom</image>
  </source>
  <size>
    <width>152</width>
    <height>331</height>
    <depth>3</depth>
  </size>
  <segmented>0</segmented>
  <object>
    <name>truck</name>
    <pose>Unspecified</pose>
    <truncated>1</truncated>
    <difficult>0</difficult>
    <bndbox>
      <xmin>1</xmin>
      <ymin>169</ymin>
      <xmax>144</xmax>
      <ymax>292</ymax>
    </bndbox>
  </object>
  <object>
    <name>ladder</name>
    <pose>Unspecified</pose>
    <truncated>1</truncated>
    <difficult>0</difficult>
    <bndbox>
      <xmin>1</xmin>
      <ymin>19</ymin>
      <xmax>86</xmax>
      <ymax>244</ymax>
    </bndbox>
  </object>
</annotation>
