<annotation>
  <folder>Ladder_truck201_400</folder>
  <filename>LadderTruck (351).jpg</filename>
  <source>
    <database>Unknown</database>
    <annotation>custom</annotation>
    <image>custom</image>
  </source>
  <size>
    <width>271</width>
    <height>186</height>
    <depth>3</depth>
  </size>
  <segmented>0</segmented>
  <object>
    <name>truck</name>
    <pose>Unspecified</pose>
    <truncated>0</truncated>
    <difficult>0</difficult>
    <bndbox>
      <xmin>75</xmin>
      <ymin>74</ymin>
      <xmax>225</xmax>
      <ymax>146</ymax>
    </bndbox>
  </object>
  <object>
    <name>ladder</name>
    <pose>Unspecified</pose>
    <truncated>0</truncated>
    <difficult>0</difficult>
    <bndbox>
      <xmin>26</xmin>
      <ymin>12</ymin>
      <xmax>220</xmax>
      <ymax>108</ymax>
    </bndbox>
  </object>
</annotation>
