<annotation>
  <folder>Ladder_truck201_400</folder>
  <filename>LadderTruck (323).jpg</filename>
  <source>
    <database>Unknown</database>
    <annotation>custom</annotation>
    <image>custom</image>
  </source>
  <size>
    <width>259</width>
    <height>194</height>
    <depth>3</depth>
  </size>
  <segmented>0</segmented>
  <object>
    <name>ladder</name>
    <pose>Unspecified</pose>
    <truncated>0</truncated>
    <difficult>0</difficult>
    <bndbox>
      <xmin>101</xmin>
      <ymin>36</ymin>
      <xmax>176</xmax>
      <ymax>119</ymax>
    </bndbox>
  </object>
  <object>
    <name>truck</name>
    <pose>Unspecified</pose>
    <truncated>0</truncated>
    <difficult>0</difficult>
    <bndbox>
      <xmin>114</xmin>
      <ymin>90</ymin>
      <xmax>177</xmax>
      <ymax>133</ymax>
    </bndbox>
  </object>
</annotation>
