<annotation>
  <folder>Ladder_truck201_400</folder>
  <filename>LadderTruck (336).jpg</filename>
  <source>
    <database>Unknown</database>
    <annotation>custom</annotation>
    <image>custom</image>
  </source>
  <size>
    <width>201</width>
    <height>251</height>
    <depth>3</depth>
  </size>
  <segmented>0</segmented>
  <object>
    <name>truck</name>
    <pose>Unspecified</pose>
    <truncated>1</truncated>
    <difficult>0</difficult>
    <bndbox>
      <xmin>1</xmin>
      <ymin>158</ymin>
      <xmax>114</xmax>
      <ymax>236</ymax>
    </bndbox>
  </object>
  <object>
    <name>ladder</name>
    <pose>Unspecified</pose>
    <truncated>0</truncated>
    <difficult>0</difficult>
    <bndbox>
      <xmin>7</xmin>
      <ymin>27</ymin>
      <xmax>157</xmax>
      <ymax>187</ymax>
    </bndbox>
  </object>
</annotation>
