<annotation>
  <folder>Ladder_truck201_400</folder>
  <filename>LadderTruck (201).jpg</filename>
  <source>
    <database>Unknown</database>
    <annotation>custom</annotation>
    <image>custom</image>
  </source>
  <size>
    <width>207</width>
    <height>244</height>
    <depth>3</depth>
  </size>
  <segmented>0</segmented>
  <object>
    <name>ladder</name>
    <pose>Unspecified</pose>
    <truncated>1</truncated>
    <difficult>0</difficult>
    <bndbox>
      <xmin>3</xmin>
      <ymin>26</ymin>
      <xmax>207</xmax>
      <ymax>125</ymax>
    </bndbox>
  </object>
  <object>
    <name>truck</name>
    <pose>Unspecified</pose>
    <truncated>1</truncated>
    <difficult>0</difficult>
    <bndbox>
      <xmin>2</xmin>
      <ymin>67</ymin>
      <xmax>207</xmax>
      <ymax>227</ymax>
    </bndbox>
  </object>
</annotation>
