<annotation>
  <folder>Ladder_truck201_400</folder>
  <filename>LadderTruck (250).jpg</filename>
  <source>
    <database>Unknown</database>
    <annotation>custom</annotation>
    <image>custom</image>
  </source>
  <size>
    <width>264</width>
    <height>191</height>
    <depth>3</depth>
  </size>
  <segmented>0</segmented>
  <object>
    <name>ladder</name>
    <pose>Unspecified</pose>
    <truncated>0</truncated>
    <difficult>0</difficult>
    <bndbox>
      <xmin>86</xmin>
      <ymin>65</ymin>
      <xmax>211</xmax>
      <ymax>157</ymax>
    </bndbox>
  </object>
  <object>
    <name>truck</name>
    <pose>Unspecified</pose>
    <truncated>0</truncated>
    <difficult>0</difficult>
    <bndbox>
      <xmin>70</xmin>
      <ymin>141</ymin>
      <xmax>145</xmax>
      <ymax>181</ymax>
    </bndbox>
  </object>
</annotation>
