<annotation>
  <folder>Ladder_truck201_400</folder>
  <filename>LadderTruck (332).jpg</filename>
  <source>
    <database>Unknown</database>
    <annotation>custom</annotation>
    <image>custom</image>
  </source>
  <size>
    <width>194</width>
    <height>259</height>
    <depth>3</depth>
  </size>
  <segmented>0</segmented>
  <object>
    <name>ladder</name>
    <pose>Unspecified</pose>
    <truncated>0</truncated>
    <difficult>0</difficult>
    <bndbox>
      <xmin>63</xmin>
      <ymin>25</ymin>
      <xmax>116</xmax>
      <ymax>230</ymax>
    </bndbox>
  </object>
</annotation>
