<annotation>
  <folder>Ladder_truck201_400</folder>
  <filename>LadderTruck (379).jpg</filename>
  <source>
    <database>Unknown</database>
    <annotation>custom</annotation>
    <image>custom</image>
  </source>
  <size>
    <width>249</width>
    <height>203</height>
    <depth>3</depth>
  </size>
  <segmented>0</segmented>
  <object>
    <name>truck</name>
    <pose>Unspecified</pose>
    <truncated>0</truncated>
    <difficult>0</difficult>
    <bndbox>
      <xmin>157</xmin>
      <ymin>30</ymin>
      <xmax>178</xmax>
      <ymax>43</ymax>
    </bndbox>
  </object>
</annotation>
