<annotation>
  <folder>Ladder_truck201_400</folder>
  <filename>LadderTruck (271).jpg</filename>
  <source>
    <database>Unknown</database>
    <annotation>custom</annotation>
    <image>custom</image>
  </source>
  <size>
    <width>194</width>
    <height>259</height>
    <depth>3</depth>
  </size>
  <segmented>0</segmented>
  <object>
    <name>truck</name>
    <pose>Unspecified</pose>
    <truncated>0</truncated>
    <difficult>0</difficult>
    <bndbox>
      <xmin>21</xmin>
      <ymin>171</ymin>
      <xmax>95</xmax>
      <ymax>238</ymax>
    </bndbox>
  </object>
  <object>
    <name>ladder</name>
    <pose>Unspecified</pose>
    <truncated>0</truncated>
    <difficult>0</difficult>
    <bndbox>
      <xmin>9</xmin>
      <ymin>23</ymin>
      <xmax>92</xmax>
      <ymax>179</ymax>
    </bndbox>
  </object>
  <object>
    <name>ladder</name>
    <pose>Unspecified</pose>
    <truncated>0</truncated>
    <difficult>0</difficult>
    <bndbox>
      <xmin>100</xmin>
      <ymin>6</ymin>
      <xmax>187</xmax>
      <ymax>137</ymax>
    </bndbox>
  </object>
</annotation>
