<annotation>
  <folder>Ladder_truck201_400</folder>
  <filename>LadderTruck (210).jpg</filename>
  <source>
    <database>Unknown</database>
    <annotation>custom</annotation>
    <image>custom</image>
  </source>
  <size>
    <width>176</width>
    <height>286</height>
    <depth>3</depth>
  </size>
  <segmented>0</segmented>
  <object>
    <name>ladder</name>
    <pose>Unspecified</pose>
    <truncated>0</truncated>
    <difficult>0</difficult>
    <bndbox>
      <xmin>14</xmin>
      <ymin>105</ymin>
      <xmax>113</xmax>
      <ymax>149</ymax>
    </bndbox>
  </object>
  <object>
    <name>truck</name>
    <pose>Unspecified</pose>
    <truncated>0</truncated>
    <difficult>0</difficult>
    <bndbox>
      <xmin>40</xmin>
      <ymin>127</ymin>
      <xmax>76</xmax>
      <ymax>152</ymax>
    </bndbox>
  </object>
</annotation>
