<annotation>
  <folder>Ladder_truck201_400</folder>
  <filename>LadderTruck (233).jpg</filename>
  <source>
    <database>Unknown</database>
    <annotation>custom</annotation>
    <image>custom</image>
  </source>
  <size>
    <width>187</width>
    <height>269</height>
    <depth>3</depth>
  </size>
  <segmented>0</segmented>
  <object>
    <name>ladder</name>
    <pose>Unspecified</pose>
    <truncated>0</truncated>
    <difficult>0</difficult>
    <bndbox>
      <xmin>74</xmin>
      <ymin>29</ymin>
      <xmax>110</xmax>
      <ymax>256</ymax>
    </bndbox>
  </object>
  <object>
    <name>truck</name>
    <pose>Unspecified</pose>
    <truncated>0</truncated>
    <difficult>0</difficult>
    <bndbox>
      <xmin>57</xmin>
      <ymin>250</ymin>
      <xmax>114</xmax>
      <ymax>265</ymax>
    </bndbox>
  </object>
</annotation>
