<annotation>
  <folder>Ladder_truck201_400</folder>
  <filename>LadderTruck (360).jpg</filename>
  <source>
    <database>Unknown</database>
    <annotation>custom</annotation>
    <image>custom</image>
  </source>
  <size>
    <width>331</width>
    <height>152</height>
    <depth>3</depth>
  </size>
  <segmented>0</segmented>
  <object>
    <name>truck</name>
    <pose>Unspecified</pose>
    <truncated>0</truncated>
    <difficult>0</difficult>
    <bndbox>
      <xmin>110</xmin>
      <ymin>30</ymin>
      <xmax>299</xmax>
      <ymax>134</ymax>
    </bndbox>
  </object>
  <object>
    <name>ladder</name>
    <pose>Unspecified</pose>
    <truncated>1</truncated>
    <difficult>0</difficult>
    <bndbox>
      <xmin>78</xmin>
      <ymin>1</ymin>
      <xmax>168</xmax>
      <ymax>135</ymax>
    </bndbox>
  </object>
</annotation>
