<annotation>
  <folder>Ladder_truck201_400</folder>
  <filename>LadderTruck (353).jpg</filename>
  <source>
    <database>Unknown</database>
    <annotation>custom</annotation>
    <image>custom</image>
  </source>
  <size>
    <width>199</width>
    <height>253</height>
    <depth>3</depth>
  </size>
  <segmented>0</segmented>
  <object>
    <name>truck</name>
    <pose>Unspecified</pose>
    <truncated>0</truncated>
    <difficult>0</difficult>
    <bndbox>
      <xmin>52</xmin>
      <ymin>145</ymin>
      <xmax>105</xmax>
      <ymax>189</ymax>
    </bndbox>
  </object>
  <object>
    <name>ladder</name>
    <pose>Unspecified</pose>
    <truncated>0</truncated>
    <difficult>0</difficult>
    <bndbox>
      <xmin>33</xmin>
      <ymin>45</ymin>
      <xmax>119</xmax>
      <ymax>205</ymax>
    </bndbox>
  </object>
</annotation>
