<annotation>
  <folder>Ladder_truck201_400</folder>
  <filename>LadderTruck (371).jpg</filename>
  <source>
    <database>Unknown</database>
    <annotation>custom</annotation>
    <image>custom</image>
  </source>
  <size>
    <width>315</width>
    <height>160</height>
    <depth>3</depth>
  </size>
  <segmented>0</segmented>
  <object>
    <name>truck</name>
    <pose>Unspecified</pose>
    <truncated>0</truncated>
    <difficult>0</difficult>
    <bndbox>
      <xmin>41</xmin>
      <ymin>58</ymin>
      <xmax>180</xmax>
      <ymax>155</ymax>
    </bndbox>
  </object>
  <object>
    <name>ladder</name>
    <pose>Unspecified</pose>
    <truncated>1</truncated>
    <difficult>0</difficult>
    <bndbox>
      <xmin>36</xmin>
      <ymin>1</ymin>
      <xmax>180</xmax>
      <ymax>100</ymax>
    </bndbox>
  </object>
  <object>
    <name>truck</name>
    <pose>Unspecified</pose>
    <truncated>1</truncated>
    <difficult>0</difficult>
    <bndbox>
      <xmin>183</xmin>
      <ymin>59</ymin>
      <xmax>298</xmax>
      <ymax>160</ymax>
    </bndbox>
  </object>
  <object>
    <name>ladder</name>
    <pose>Unspecified</pose>
    <truncated>1</truncated>
    <difficult>0</difficult>
    <bndbox>
      <xmin>196</xmin>
      <ymin>1</ymin>
      <xmax>278</xmax>
      <ymax>74</ymax>
    </bndbox>
  </object>
</annotation>
