<annotation>
  <folder>Ladder_truck201_400</folder>
  <filename>LadderTruck (249).jpg</filename>
  <source>
    <database>Unknown</database>
    <annotation>custom</annotation>
    <image>custom</image>
  </source>
  <size>
    <width>315</width>
    <height>160</height>
    <depth>3</depth>
  </size>
  <segmented>0</segmented>
  <object>
    <name>truck</name>
    <pose>Unspecified</pose>
    <truncated>1</truncated>
    <difficult>0</difficult>
    <bndbox>
      <xmin>62</xmin>
      <ymin>97</ymin>
      <xmax>231</xmax>
      <ymax>160</ymax>
    </bndbox>
  </object>
  <object>
    <name>ladder</name>
    <pose>Unspecified</pose>
    <truncated>0</truncated>
    <difficult>0</difficult>
    <bndbox>
      <xmin>111</xmin>
      <ymin>6</ymin>
      <xmax>272</xmax>
      <ymax>159</ymax>
    </bndbox>
  </object>
</annotation>
