<annotation>
  <folder>Ladder_truck201_400</folder>
  <filename>LadderTruck (286).jpg</filename>
  <source>
    <database>Unknown</database>
    <annotation>custom</annotation>
    <image>custom</image>
  </source>
  <size>
    <width>203</width>
    <height>248</height>
    <depth>3</depth>
  </size>
  <segmented>0</segmented>
  <object>
    <name>ladder</name>
    <pose>Unspecified</pose>
    <truncated>0</truncated>
    <difficult>0</difficult>
    <bndbox>
      <xmin>46</xmin>
      <ymin>84</ymin>
      <xmax>165</xmax>
      <ymax>132</ymax>
    </bndbox>
  </object>
  <object>
    <name>truck</name>
    <pose>Unspecified</pose>
    <truncated>0</truncated>
    <difficult>0</difficult>
    <bndbox>
      <xmin>34</xmin>
      <ymin>109</ymin>
      <xmax>177</xmax>
      <ymax>166</ymax>
    </bndbox>
  </object>
</annotation>
