<annotation>
  <folder>Ladder_truck201_400</folder>
  <filename>LadderTruck (398).jpg</filename>
  <source>
    <database>Unknown</database>
    <annotation>custom</annotation>
    <image>custom</image>
  </source>
  <size>
    <width>207</width>
    <height>244</height>
    <depth>3</depth>
  </size>
  <segmented>0</segmented>
  <object>
    <name>truck</name>
    <pose>Unspecified</pose>
    <truncated>0</truncated>
    <difficult>0</difficult>
    <bndbox>
      <xmin>42</xmin>
      <ymin>134</ymin>
      <xmax>175</xmax>
      <ymax>228</ymax>
    </bndbox>
  </object>
  <object>
    <name>ladder</name>
    <pose>Unspecified</pose>
    <truncated>0</truncated>
    <difficult>0</difficult>
    <bndbox>
      <xmin>19</xmin>
      <ymin>39</ymin>
      <xmax>199</xmax>
      <ymax>199</ymax>
    </bndbox>
  </object>
</annotation>
