<annotation>
  <folder>Ladder_truck201_400</folder>
  <filename>LadderTruck (340).jpg</filename>
  <source>
    <database>Unknown</database>
    <annotation>custom</annotation>
    <image>custom</image>
  </source>
  <size>
    <width>343</width>
    <height>147</height>
    <depth>3</depth>
  </size>
  <segmented>0</segmented>
  <object>
    <name>truck</name>
    <pose>Unspecified</pose>
    <truncated>1</truncated>
    <difficult>0</difficult>
    <bndbox>
      <xmin>107</xmin>
      <ymin>28</ymin>
      <xmax>175</xmax>
      <ymax>147</ymax>
    </bndbox>
  </object>
</annotation>
