<annotation>
  <folder>Ladder_truck201_400</folder>
  <filename>LadderTruck (228).jpg</filename>
  <source>
    <database>Unknown</database>
    <annotation>custom</annotation>
    <image>custom</image>
  </source>
  <size>
    <width>245</width>
    <height>206</height>
    <depth>3</depth>
  </size>
  <segmented>0</segmented>
  <object>
    <name>truck</name>
    <pose>Unspecified</pose>
    <truncated>1</truncated>
    <difficult>0</difficult>
    <bndbox>
      <xmin>1</xmin>
      <ymin>47</ymin>
      <xmax>51</xmax>
      <ymax>105</ymax>
    </bndbox>
  </object>
  <object>
    <name>ladder</name>
    <pose>Unspecified</pose>
    <truncated>1</truncated>
    <difficult>0</difficult>
    <bndbox>
      <xmin>1</xmin>
      <ymin>24</ymin>
      <xmax>45</xmax>
      <ymax>49</ymax>
    </bndbox>
  </object>
</annotation>
