<annotation>
  <folder>Ladder_truck201_400</folder>
  <filename>LadderTruck (380).jpg</filename>
  <source>
    <database>Unknown</database>
    <annotation>custom</annotation>
    <image>custom</image>
  </source>
  <size>
    <width>204</width>
    <height>247</height>
    <depth>3</depth>
  </size>
  <segmented>0</segmented>
  <object>
    <name>truck</name>
    <pose>Unspecified</pose>
    <truncated>0</truncated>
    <difficult>0</difficult>
    <bndbox>
      <xmin>93</xmin>
      <ymin>188</ymin>
      <xmax>143</xmax>
      <ymax>225</ymax>
    </bndbox>
  </object>
  <object>
    <name>ladder</name>
    <pose>Unspecified</pose>
    <truncated>0</truncated>
    <difficult>0</difficult>
    <bndbox>
      <xmin>52</xmin>
      <ymin>5</ymin>
      <xmax>135</xmax>
      <ymax>205</ymax>
    </bndbox>
  </object>
</annotation>
