<annotation>
  <folder>Ladder_truck201_400</folder>
  <filename>LadderTruck (204).jpg</filename>
  <source>
    <database>Unknown</database>
    <annotation>custom</annotation>
    <image>custom</image>
  </source>
  <size>
    <width>205</width>
    <height>245</height>
    <depth>3</depth>
  </size>
  <segmented>0</segmented>
  <object>
    <name>ladder</name>
    <pose>Unspecified</pose>
    <truncated>0</truncated>
    <difficult>0</difficult>
    <bndbox>
      <xmin>62</xmin>
      <ymin>79</ymin>
      <xmax>122</xmax>
      <ymax>198</ymax>
    </bndbox>
  </object>
  <object>
    <name>truck</name>
    <pose>Unspecified</pose>
    <truncated>0</truncated>
    <difficult>0</difficult>
    <bndbox>
      <xmin>61</xmin>
      <ymin>146</ymin>
      <xmax>118</xmax>
      <ymax>199</ymax>
    </bndbox>
  </object>
</annotation>
