<annotation>
  <folder>Ladder_truck201_400</folder>
  <filename>LadderTruck (344).jpg</filename>
  <source>
    <database>Unknown</database>
    <annotation>custom</annotation>
    <image>custom</image>
  </source>
  <size>
    <width>203</width>
    <height>249</height>
    <depth>3</depth>
  </size>
  <segmented>0</segmented>
  <object>
    <name>ladder</name>
    <pose>Unspecified</pose>
    <truncated>0</truncated>
    <difficult>0</difficult>
    <bndbox>
      <xmin>73</xmin>
      <ymin>42</ymin>
      <xmax>128</xmax>
      <ymax>239</ymax>
    </bndbox>
  </object>
  <object>
    <name>truck</name>
    <pose>Unspecified</pose>
    <truncated>0</truncated>
    <difficult>0</difficult>
    <bndbox>
      <xmin>68</xmin>
      <ymin>197</ymin>
      <xmax>135</xmax>
      <ymax>238</ymax>
    </bndbox>
  </object>
</annotation>
