<annotation>
  <folder>Ladder_truck201_400</folder>
  <filename>LadderTruck (299).jpg</filename>
  <source>
    <database>Unknown</database>
    <annotation>custom</annotation>
    <image>custom</image>
  </source>
  <size>
    <width>264</width>
    <height>191</height>
    <depth>3</depth>
  </size>
  <segmented>0</segmented>
  <object>
    <name>truck</name>
    <pose>Unspecified</pose>
    <truncated>1</truncated>
    <difficult>0</difficult>
    <bndbox>
      <xmin>61</xmin>
      <ymin>131</ymin>
      <xmax>210</xmax>
      <ymax>191</ymax>
    </bndbox>
  </object>
  <object>
    <name>ladder</name>
    <pose>Unspecified</pose>
    <truncated>1</truncated>
    <difficult>0</difficult>
    <bndbox>
      <xmin>55</xmin>
      <ymin>1</ymin>
      <xmax>234</xmax>
      <ymax>166</ymax>
    </bndbox>
  </object>
</annotation>
