<annotation>
  <folder>Ladder_truck201_400</folder>
  <filename>LadderTruck (348).jpg</filename>
  <source>
    <database>Unknown</database>
    <annotation>custom</annotation>
    <image>custom</image>
  </source>
  <size>
    <width>300</width>
    <height>168</height>
    <depth>3</depth>
  </size>
  <segmented>0</segmented>
  <object>
    <name>ladder</name>
    <pose>Unspecified</pose>
    <truncated>0</truncated>
    <difficult>0</difficult>
    <bndbox>
      <xmin>80</xmin>
      <ymin>7</ymin>
      <xmax>235</xmax>
      <ymax>101</ymax>
    </bndbox>
  </object>
  <object>
    <name>truck</name>
    <pose>Unspecified</pose>
    <truncated>0</truncated>
    <difficult>0</difficult>
    <bndbox>
      <xmin>72</xmin>
      <ymin>57</ymin>
      <xmax>253</xmax>
      <ymax>159</ymax>
    </bndbox>
  </object>
</annotation>
