<annotation>
  <folder>Ladder_truck201_400</folder>
  <filename>LadderTruck (396).jpg</filename>
  <source>
    <database>Unknown</database>
    <annotation>custom</annotation>
    <image>custom</image>
  </source>
  <size>
    <width>244</width>
    <height>206</height>
    <depth>3</depth>
  </size>
  <segmented>0</segmented>
  <object>
    <name>ladder</name>
    <pose>Unspecified</pose>
    <truncated>0</truncated>
    <difficult>0</difficult>
    <bndbox>
      <xmin>23</xmin>
      <ymin>56</ymin>
      <xmax>180</xmax>
      <ymax>159</ymax>
    </bndbox>
  </object>
  <object>
    <name>truck</name>
    <pose>Unspecified</pose>
    <truncated>0</truncated>
    <difficult>0</difficult>
    <bndbox>
      <xmin>27</xmin>
      <ymin>139</ymin>
      <xmax>87</xmax>
      <ymax>186</ymax>
    </bndbox>
  </object>
</annotation>
