<annotation>
  <folder>Ladder_truck201_400</folder>
  <filename>LadderTruck (224).jpg</filename>
  <source>
    <database>Unknown</database>
    <annotation>custom</annotation>
    <image>custom</image>
  </source>
  <size>
    <width>168</width>
    <height>299</height>
    <depth>3</depth>
  </size>
  <segmented>0</segmented>
  <object>
    <name>ladder</name>
    <pose>Unspecified</pose>
    <truncated>0</truncated>
    <difficult>0</difficult>
    <bndbox>
      <xmin>43</xmin>
      <ymin>45</ymin>
      <xmax>118</xmax>
      <ymax>221</ymax>
    </bndbox>
  </object>
  <object>
    <name>truck</name>
    <pose>Unspecified</pose>
    <truncated>0</truncated>
    <difficult>0</difficult>
    <bndbox>
      <xmin>38</xmin>
      <ymin>190</ymin>
      <xmax>111</xmax>
      <ymax>249</ymax>
    </bndbox>
  </object>
</annotation>
