<annotation>
  <folder>Ladder_truck201_400</folder>
  <filename>LadderTruck (273).jpg</filename>
  <source>
    <database>Unknown</database>
    <annotation>custom</annotation>
    <image>custom</image>
  </source>
  <size>
    <width>189</width>
    <height>266</height>
    <depth>3</depth>
  </size>
  <segmented>0</segmented>
  <object>
    <name>truck</name>
    <pose>Unspecified</pose>
    <truncated>0</truncated>
    <difficult>0</difficult>
    <bndbox>
      <xmin>18</xmin>
      <ymin>93</ymin>
      <xmax>163</xmax>
      <ymax>231</ymax>
    </bndbox>
  </object>
</annotation>
