<annotation>
  <folder>Ladder_truck201_400</folder>
  <filename>LadderTruck (281).jpg</filename>
  <source>
    <database>Unknown</database>
    <annotation>custom</annotation>
    <image>custom</image>
  </source>
  <size>
    <width>267</width>
    <height>189</height>
    <depth>3</depth>
  </size>
  <segmented>0</segmented>
  <object>
    <name>ladder</name>
    <pose>Unspecified</pose>
    <truncated>0</truncated>
    <difficult>0</difficult>
    <bndbox>
      <xmin>72</xmin>
      <ymin>50</ymin>
      <xmax>202</xmax>
      <ymax>129</ymax>
    </bndbox>
  </object>
  <object>
    <name>truck</name>
    <pose>Unspecified</pose>
    <truncated>0</truncated>
    <difficult>0</difficult>
    <bndbox>
      <xmin>42</xmin>
      <ymin>119</ymin>
      <xmax>155</xmax>
      <ymax>162</ymax>
    </bndbox>
  </object>
</annotation>
