<annotation>
  <folder>Ladder_truck201_400</folder>
  <filename>LadderTruck (263).jpg</filename>
  <source>
    <database>Unknown</database>
    <annotation>custom</annotation>
    <image>custom</image>
  </source>
  <size>
    <width>243</width>
    <height>207</height>
    <depth>3</depth>
  </size>
  <segmented>0</segmented>
  <object>
    <name>ladder</name>
    <pose>Unspecified</pose>
    <truncated>0</truncated>
    <difficult>0</difficult>
    <bndbox>
      <xmin>7</xmin>
      <ymin>3</ymin>
      <xmax>223</xmax>
      <ymax>106</ymax>
    </bndbox>
  </object>
  <object>
    <name>truck</name>
    <pose>Unspecified</pose>
    <truncated>0</truncated>
    <difficult>0</difficult>
    <bndbox>
      <xmin>36</xmin>
      <ymin>49</ymin>
      <xmax>233</xmax>
      <ymax>156</ymax>
    </bndbox>
  </object>
</annotation>
