<annotation>
  <folder>Ladder_truck201_400</folder>
  <filename>LadderTruck (328).jpg</filename>
  <source>
    <database>Unknown</database>
    <annotation>custom</annotation>
    <image>custom</image>
  </source>
  <size>
    <width>239</width>
    <height>210</height>
    <depth>3</depth>
  </size>
  <segmented>0</segmented>
  <object>
    <name>ladder</name>
    <pose>Unspecified</pose>
    <truncated>0</truncated>
    <difficult>0</difficult>
    <bndbox>
      <xmin>30</xmin>
      <ymin>36</ymin>
      <xmax>223</xmax>
      <ymax>162</ymax>
    </bndbox>
  </object>
  <object>
    <name>truck</name>
    <pose>Unspecified</pose>
    <truncated>0</truncated>
    <difficult>0</difficult>
    <bndbox>
      <xmin>95</xmin>
      <ymin>109</ymin>
      <xmax>168</xmax>
      <ymax>162</ymax>
    </bndbox>
  </object>
</annotation>
