<annotation>
  <folder>Ladder_truck201_400</folder>
  <filename>LadderTruck (306).jpg</filename>
  <source>
    <database>Unknown</database>
    <annotation>custom</annotation>
    <image>custom</image>
  </source>
  <size>
    <width>300</width>
    <height>168</height>
    <depth>3</depth>
  </size>
  <segmented>0</segmented>
  <object>
    <name>ladder</name>
    <pose>Unspecified</pose>
    <truncated>0</truncated>
    <difficult>0</difficult>
    <bndbox>
      <xmin>6</xmin>
      <ymin>52</ymin>
      <xmax>180</xmax>
      <ymax>163</ymax>
    </bndbox>
  </object>
</annotation>
