<annotation>
  <folder>Ladder_truck201_400</folder>
  <filename>LadderTruck (205).jpg</filename>
  <source>
    <database>Unknown</database>
    <annotation>custom</annotation>
    <image>custom</image>
  </source>
  <size>
    <width>285</width>
    <height>177</height>
    <depth>3</depth>
  </size>
  <segmented>0</segmented>
  <object>
    <name>truck</name>
    <pose>Unspecified</pose>
    <truncated>0</truncated>
    <difficult>0</difficult>
    <bndbox>
      <xmin>93</xmin>
      <ymin>128</ymin>
      <xmax>197</xmax>
      <ymax>173</ymax>
    </bndbox>
  </object>
  <object>
    <name>ladder</name>
    <pose>Unspecified</pose>
    <truncated>1</truncated>
    <difficult>0</difficult>
    <bndbox>
      <xmin>90</xmin>
      <ymin>1</ymin>
      <xmax>139</xmax>
      <ymax>158</ymax>
    </bndbox>
  </object>
</annotation>
