<annotation>
  <folder>Ladder_truck201_400</folder>
  <filename>LadderTruck (315).jpg</filename>
  <source>
    <database>Unknown</database>
    <annotation>custom</annotation>
    <image>custom</image>
  </source>
  <size>
    <width>201</width>
    <height>251</height>
    <depth>3</depth>
  </size>
  <segmented>0</segmented>
  <object>
    <name>ladder</name>
    <pose>Unspecified</pose>
    <truncated>0</truncated>
    <difficult>0</difficult>
    <bndbox>
      <xmin>62</xmin>
      <ymin>24</ymin>
      <xmax>110</xmax>
      <ymax>221</ymax>
    </bndbox>
  </object>
  <object>
    <name>truck</name>
    <pose>Unspecified</pose>
    <truncated>0</truncated>
    <difficult>0</difficult>
    <bndbox>
      <xmin>54</xmin>
      <ymin>175</ymin>
      <xmax>155</xmax>
      <ymax>226</ymax>
    </bndbox>
  </object>
</annotation>
