<annotation>
  <folder>Ladder_truck201_400</folder>
  <filename>LadderTruck (318).jpg</filename>
  <source>
    <database>Unknown</database>
    <annotation>custom</annotation>
    <image>custom</image>
  </source>
  <size>
    <width>189</width>
    <height>267</height>
    <depth>3</depth>
  </size>
  <segmented>0</segmented>
  <object>
    <name>ladder</name>
    <pose>Unspecified</pose>
    <truncated>0</truncated>
    <difficult>0</difficult>
    <bndbox>
      <xmin>29</xmin>
      <ymin>82</ymin>
      <xmax>70</xmax>
      <ymax>232</ymax>
    </bndbox>
  </object>
  <object>
    <name>truck</name>
    <pose>Unspecified</pose>
    <truncated>0</truncated>
    <difficult>0</difficult>
    <bndbox>
      <xmin>18</xmin>
      <ymin>209</ymin>
      <xmax>134</xmax>
      <ymax>266</ymax>
    </bndbox>
  </object>
</annotation>
