<annotation>
  <folder>Ladder_truck201_400</folder>
  <filename>LadderTruck (311).jpg</filename>
  <source>
    <database>Unknown</database>
    <annotation>custom</annotation>
    <image>custom</image>
  </source>
  <size>
    <width>176</width>
    <height>176</height>
    <depth>3</depth>
  </size>
  <segmented>0</segmented>
  <object>
    <name>ladder</name>
    <pose>Unspecified</pose>
    <truncated>1</truncated>
    <difficult>0</difficult>
    <bndbox>
      <xmin>1</xmin>
      <ymin>37</ymin>
      <xmax>121</xmax>
      <ymax>109</ymax>
    </bndbox>
  </object>
  <object>
    <name>truck</name>
    <pose>Unspecified</pose>
    <truncated>1</truncated>
    <difficult>0</difficult>
    <bndbox>
      <xmin>1</xmin>
      <ymin>74</ymin>
      <xmax>139</xmax>
      <ymax>158</ymax>
    </bndbox>
  </object>
</annotation>
