<annotation>
  <folder>Ladder_truck201_400</folder>
  <filename>LadderTruck (357).jpg</filename>
  <source>
    <database>Unknown</database>
    <annotation>custom</annotation>
    <image>custom</image>
  </source>
  <size>
    <width>365</width>
    <height>138</height>
    <depth>1</depth>
  </size>
  <segmented>0</segmented>
  <object>
    <name>ladder</name>
    <pose>Unspecified</pose>
    <truncated>0</truncated>
    <difficult>0</difficult>
    <bndbox>
      <xmin>24</xmin>
      <ymin>7</ymin>
      <xmax>250</xmax>
      <ymax>57</ymax>
    </bndbox>
  </object>
</annotation>
