<annotation>
  <folder>Ladder_truck201_400</folder>
  <filename>LadderTruck (391).jpg</filename>
  <source>
    <database>Unknown</database>
    <annotation>custom</annotation>
    <image>custom</image>
  </source>
  <size>
    <width>212</width>
    <height>238</height>
    <depth>3</depth>
  </size>
  <segmented>0</segmented>
  <object>
    <name>ladder</name>
    <pose>Unspecified</pose>
    <truncated>0</truncated>
    <difficult>0</difficult>
    <bndbox>
      <xmin>68</xmin>
      <ymin>81</ymin>
      <xmax>156</xmax>
      <ymax>216</ymax>
    </bndbox>
  </object>
  <object>
    <name>truck</name>
    <pose>Unspecified</pose>
    <truncated>0</truncated>
    <difficult>0</difficult>
    <bndbox>
      <xmin>14</xmin>
      <ymin>150</ymin>
      <xmax>143</xmax>
      <ymax>220</ymax>
    </bndbox>
  </object>
</annotation>
