<annotation>
  <folder>Ladder_truck201_400</folder>
  <filename>LadderTruck (349).jpg</filename>
  <source>
    <database>Unknown</database>
    <annotation>custom</annotation>
    <image>custom</image>
  </source>
  <size>
    <width>267</width>
    <height>189</height>
    <depth>3</depth>
  </size>
  <segmented>0</segmented>
  <object>
    <name>ladder</name>
    <pose>Unspecified</pose>
    <truncated>0</truncated>
    <difficult>0</difficult>
    <bndbox>
      <xmin>102</xmin>
      <ymin>93</ymin>
      <xmax>139</xmax>
      <ymax>179</ymax>
    </bndbox>
  </object>
</annotation>
