<annotation>
  <folder>Ladder_truck201_400</folder>
  <filename>LadderTruck (334).jpg</filename>
  <source>
    <database>Unknown</database>
    <annotation>custom</annotation>
    <image>custom</image>
  </source>
  <size>
    <width>207</width>
    <height>244</height>
    <depth>3</depth>
  </size>
  <segmented>0</segmented>
  <object>
    <name>ladder</name>
    <pose>Unspecified</pose>
    <truncated>0</truncated>
    <difficult>0</difficult>
    <bndbox>
      <xmin>93</xmin>
      <ymin>34</ymin>
      <xmax>201</xmax>
      <ymax>224</ymax>
    </bndbox>
  </object>
</annotation>
